date,ticker,sector,weight,cnn_score,cnn_rating,signal
2026-10-09,MSFT,Tech,0.05,38.11,fear,INVEST
2026-10-09,NVDA,Tech,0.05,38.11,fear,INVEST
2026-10-09,ABBV,Healthcare,0.263,38.11,fear,INVEST
2026-10-09,UNH,Healthcare,0.05,38.11,fear,INVEST
2026-10-09,AEP,Utilities,0.2194,38.11,fear,INVEST
2026-10-09,SO,Utilities,0.05,38.11,fear,INVEST
2026-10-09,COP,Commodities,0.0793,38.11,fear,INVEST
2026-10-09,XOM,Commodities,0.1384,38.11,fear,INVEST
2026-10-09,WFC,Finance,0.05,38.11,fear,INVEST
2026-10-09,JPM,Finance,0.05,38.11,fear,INVEST
